﻿{"ous":[{"Properties":{"name":"CORPORATIVO@PORTOMANTIS.AD","highvalue":false,"domain":"PORTOMANTIS.AD","blocksinheritance":false,"description":null},"Guid":"8C53B0D4-9344-41AF-B26A-9116B4B8BCD7","ChildOus":["11B98B32-9566-4376-B866-076B668D414E","36C89E37-BFB7-4D82-9057-B29F8427C745","322A9CF0-F365-4D77-A893-0F17DEC2772F"],"Computers":[],"Users":[],"Links":null,"Aces":null},{"Properties":{"name":"DOMAIN CONTROLLERS@PORTOMANTIS.AD","highvalue":false,"domain":"PORTOMANTIS.AD","blocksinheritance":false,"description":"Default container for domain controllers"},"Guid":"82371BE9-3D45-4BFE-96BE-DECABED4342B","ChildOus":[],"Computers":["LABDC01.PORTOMANTIS.AD"],"Users":[],"Links":[{"IsEnforced":false,"Name":"DEFAULT DOMAIN CONTROLLERS POLICY@PORTOMANTIS.AD"}],"Aces":null},{"Properties":{"name":"CASA CENTRAL@PORTOMANTIS.AD","highvalue":false,"domain":"PORTOMANTIS.AD","blocksinheritance":false,"description":null},"Guid":"11B98B32-9566-4376-B866-076B668D414E","ChildOus":["207A8D28-A753-4A41-ACE1-B6CA891FDB13","8EDCAF12-31E6-45C7-BBBE-21D8F1CD6199","F7845C36-E282-4003-B42A-20FBD4B6F42B","DF422ACA-4B16-402F-BC6E-80DCF0CC53F5"],"Computers":[],"Users":[],"Links":null,"Aces":null},{"Properties":{"name":"GRUPOS@PORTOMANTIS.AD","highvalue":false,"domain":"PORTOMANTIS.AD","blocksinheritance":false,"description":null},"Guid":"8EDCAF12-31E6-45C7-BBBE-21D8F1CD6199","ChildOus":[],"Computers":[],"Users":[],"Links":null,"Aces":null},{"Properties":{"name":"ESTACIONES DE TRABAJO@PORTOMANTIS.AD","highvalue":false,"domain":"PORTOMANTIS.AD","blocksinheritance":false,"description":null},"Guid":"207A8D28-A753-4A41-ACE1-B6CA891FDB13","ChildOus":[],"Computers":["STUDENT100.PORTOMANTIS.AD","STUDENT101.PORTOMANTIS.AD","STUDENT102.PORTOMANTIS.AD","STUDENT103.PORTOMANTIS.AD","STUDENT104.PORTOMANTIS.AD","STUDENT105.PORTOMANTIS.AD","STUDENT106.PORTOMANTIS.AD","STUDENT107.PORTOMANTIS.AD","STUDENT108.PORTOMANTIS.AD","STUDENT109.PORTOMANTIS.AD","STUDENT110.PORTOMANTIS.AD","STUDENT111.PORTOMANTIS.AD","STUDENT112.PORTOMANTIS.AD","STUDENT113.PORTOMANTIS.AD","STUDENT114.PORTOMANTIS.AD","STUDENT115.PORTOMANTIS.AD","STUDENT116.PORTOMANTIS.AD","STUDENT117.PORTOMANTIS.AD","STUDENT118.PORTOMANTIS.AD","STUDENT119.PORTOMANTIS.AD","STUDENT120.PORTOMANTIS.AD","STUDENT121.PORTOMANTIS.AD","STUDENT122.PORTOMANTIS.AD","STUDENT123.PORTOMANTIS.AD","STUDENT124.PORTOMANTIS.AD","STUDENT125.PORTOMANTIS.AD"],"Users":[],"Links":[{"IsEnforced":false,"Name":"RDP ACCESS@PORTOMANTIS.AD"}],"Aces":null},{"Properties":{"name":"SERVIDORES@PORTOMANTIS.AD","highvalue":false,"domain":"PORTOMANTIS.AD","blocksinheritance":false,"description":null},"Guid":"F7845C36-E282-4003-B42A-20FBD4B6F42B","ChildOus":[],"Computers":[],"Users":[],"Links":null,"Aces":null},{"Properties":{"name":"SUCURSAL ROSARIO@PORTOMANTIS.AD","highvalue":false,"domain":"PORTOMANTIS.AD","blocksinheritance":false,"description":null},"Guid":"36C89E37-BFB7-4D82-9057-B29F8427C745","ChildOus":["67FE4757-2B77-48D4-9464-89BDD339C5A9","24BF6064-C9DF-4A8D-8F98-C1D02798B2B0","58E0FD7E-96DD-486F-B80A-C4BC59EC35C8","CF66244C-E5FB-444E-A95E-5FE58CB5C622"],"Computers":[],"Users":[],"Links":null,"Aces":null},{"Properties":{"name":"ESTACIONES DE TRABAJO@PORTOMANTIS.AD","highvalue":false,"domain":"PORTOMANTIS.AD","blocksinheritance":false,"description":null},"Guid":"67FE4757-2B77-48D4-9464-89BDD339C5A9","ChildOus":[],"Computers":[],"Users":[],"Links":null,"Aces":null},{"Properties":{"name":"USUARIOS@PORTOMANTIS.AD","highvalue":false,"domain":"PORTOMANTIS.AD","blocksinheritance":false,"description":null},"Guid":"DF422ACA-4B16-402F-BC6E-80DCF0CC53F5","ChildOus":[],"Computers":[],"Users":["HERATAT@PORTOMANTIS.AD","OURICH@PORTOMANTIS.AD","DUED1937@PORTOMANTIS.AD","HISEETTER@PORTOMANTIS.AD","MOURCY@PORTOMANTIS.AD","GAZINUM@PORTOMANTIS.AD","BUNG1964@PORTOMANTIS.AD","ABLEATIFES@PORTOMANTIS.AD","THEABSITTERS@PORTOMANTIS.AD","HOWNER@PORTOMANTIS.AD","FIFELUE@PORTOMANTIS.AD","SINSILEFFE@PORTOMANTIS.AD","TILLE1956@PORTOMANTIS.AD","RUDAY1967@PORTOMANTIS.AD","BRAD1953@PORTOMANTIS.AD","KIMMILLOOF@PORTOMANTIS.AD","THATEREPING@PORTOMANTIS.AD","OFORE1937@PORTOMANTIS.AD","MANTER@PORTOMANTIS.AD","SPERWIT69@PORTOMANTIS.AD","MAGERY@PORTOMANTIS.AD","DERESTLE36@PORTOMANTIS.AD","COUREARD@PORTOMANTIS.AD","EFORTS@PORTOMANTIS.AD","GRAINKNOT1973@PORTOMANTIS.AD","SUCHIBIANT@PORTOMANTIS.AD","WHING1964@PORTOMANTIS.AD","PROWN1990@PORTOMANTIS.AD","WHOST1966@PORTOMANTIS.AD","THISING@PORTOMANTIS.AD","SCATHER@PORTOMANTIS.AD","CAGGRABLE@PORTOMANTIS.AD","COURSTERED88@PORTOMANTIS.AD","LIGING@PORTOMANTIS.AD","FRILYIN1940@PORTOMANTIS.AD","LIANYTHE84@PORTOMANTIS.AD","CLEAKETTENT@PORTOMANTIS.AD","THERATUR@PORTOMANTIS.AD","SAKENTS1966@PORTOMANTIS.AD","ARECOW@PORTOMANTIS.AD","WELITTED@PORTOMANTIS.AD","GRENCIR1943@PORTOMANTIS.AD","ICUND1991@PORTOMANTIS.AD","LIALLING46@PORTOMANTIS.AD","MANTIONTIN@PORTOMANTIS.AD","SUCAN1986@PORTOMANTIS.AD","UPONED@PORTOMANTIS.AD","JUANSE@PORTOMANTIS.AD","HUNHIS54@PORTOMANTIS.AD","SUPOSTAN53@PORTOMANTIS.AD","AFTYRAND1945@PORTOMANTIS.AD","THENCES@PORTOMANTIS.AD","HATLEST92@PORTOMANTIS.AD","GLOND1963@PORTOMANTIS.AD","PRUT1985@PORTOMANTIS.AD","QUALKING@PORTOMANTIS.AD","COLITHAT@PORTOMANTIS.AD","QUITHAT@PORTOMANTIS.AD","BOYMOR56@PORTOMANTIS.AD","BERN1992@PORTOMANTIS.AD","WHISCE@PORTOMANTIS.AD","GNIN1949@PORTOMANTIS.AD","PHERED@PORTOMANTIS.AD","FECTIONCE@PORTOMANTIS.AD","LOME1980@PORTOMANTIS.AD","EAROLAINTED@PORTOMANTIS.AD","WOUTHERN@PORTOMANTIS.AD","YETY1985@PORTOMANTIS.AD","THATIM@PORTOMANTIS.AD","POSUCHEEN@PORTOMANTIS.AD","ALIVINK91@PORTOMANTIS.AD","DREGAT@PORTOMANTIS.AD","YOSE1939@PORTOMANTIS.AD","LAUT1985@PORTOMANTIS.AD","MENTEDS@PORTOMANTIS.AD","ALAWAVELL@PORTOMANTIS.AD","DECTURE@PORTOMANTIS.AD","HAVESEL48@PORTOMANTIS.AD","SIQUENE@PORTOMANTIS.AD","BECOVE@PORTOMANTIS.AD","YESENT@PORTOMANTIS.AD","WASUST@PORTOMANTIS.AD","LORK1937@PORTOMANTIS.AD","SEENCH@PORTOMANTIS.AD","HICUPOSTRAH@PORTOMANTIS.AD","FORAN1946@PORTOMANTIS.AD","PIN8@PORTOMANTIS.AD","OCCOOK68@PORTOMANTIS.AD","EXIOUSLE@PORTOMANTIS.AD","ALLYNAY@PORTOMANTIS.AD","NOTERE@PORTOMANTIS.AD","MAKEE1980@PORTOMANTIS.AD","THAPECOU@PORTOMANTIS.AD","PALLARCUPS@PORTOMANTIS.AD","GINGIVE@PORTOMANTIS.AD","CREEPAP@PORTOMANTIS.AD","SUMAN1952@PORTOMANTIS.AD","THIED1934@PORTOMANTIS.AD","YOUST1984@PORTOMANTIS.AD","THIMANDIND@PORTOMANTIS.AD","TRINSELY@PORTOMANTIS.AD","TIAND1935@PORTOMANTIS.AD","NOUSE1981@PORTOMANTIS.AD","NEVERLY@PORTOMANTIS.AD","FAIGHT@PORTOMANTIS.AD","VOYMBER@PORTOMANTIS.AD","FICKET@PORTOMANTIS.AD","TRIGIVE@PORTOMANTIS.AD","BEESIC1939@PORTOMANTIS.AD","WHATUMBIGH48@PORTOMANTIS.AD","OFTERHAVER@PORTOMANTIS.AD","WAKENOUR1952@PORTOMANTIS.AD","WORCH1965@PORTOMANTIS.AD","DAYFULGAID@PORTOMANTIS.AD","IONT1932@PORTOMANTIS.AD","DIDLY1974@PORTOMANTIS.AD","SEBASTIAN.BACH@PORTOMANTIS.AD","BEGGERMSE@PORTOMANTIS.AD","MAEFT1986@PORTOMANTIS.AD","ANTEMBLOWIND@PORTOMANTIS.AD","RECOUGHTELL@PORTOMANTIS.AD","TIARALOUSE@PORTOMANTIS.AD","OWEIG1983@PORTOMANTIS.AD","ANINAT@PORTOMANTIS.AD","FALF1940@PORTOMANTIS.AD","WASSEEPARD33@PORTOMANTIS.AD","LEOPRAGUES@PORTOMANTIS.AD","RECT1951@PORTOMANTIS.AD","STAINGES@PORTOMANTIS.AD","HERST1958@PORTOMANTIS.AD","SEELLARELP@PORTOMANTIS.AD","PRUDERNITHIS48@PORTOMANTIS.AD","FORIENIONLY@PORTOMANTIS.AD","LOVEN1985@PORTOMANTIS.AD","THEIGNERS@PORTOMANTIS.AD","SHERECOMARE@PORTOMANTIS.AD","ZABLY1987@PORTOMANTIS.AD","WILTOPED@PORTOMANTIS.AD","SAIDECTERED@PORTOMANTIS.AD","GOTION@PORTOMANTIS.AD","SCRIMS@PORTOMANTIS.AD","LITURNAME1992@PORTOMANTIS.AD","PENTAGESS1956@PORTOMANTIS.AD","PARIENVE@PORTOMANTIS.AD","TRAILTANDES80@PORTOMANTIS.AD","SAMID1980@PORTOMANTIS.AD","ANUT1982@PORTOMANTIS.AD"],"Links":null,"Aces":null},{"Properties":{"name":"SERVIDORES@PORTOMANTIS.AD","highvalue":false,"domain":"PORTOMANTIS.AD","blocksinheritance":false,"description":null},"Guid":"58E0FD7E-96DD-486F-B80A-C4BC59EC35C8","ChildOus":[],"Computers":[],"Users":[],"Links":null,"Aces":null},{"Properties":{"name":"GRUPOS@PORTOMANTIS.AD","highvalue":false,"domain":"PORTOMANTIS.AD","blocksinheritance":false,"description":null},"Guid":"24BF6064-C9DF-4A8D-8F98-C1D02798B2B0","ChildOus":[],"Computers":[],"Users":[],"Links":null,"Aces":null},{"Properties":{"name":"UY@PORTOMANTIS.AD","highvalue":false,"domain":"PORTOMANTIS.AD","blocksinheritance":false,"description":null},"Guid":"322A9CF0-F365-4D77-A893-0F17DEC2772F","ChildOus":[],"Computers":[],"Users":["DIALIN@PORTOMANTIS.AD","SURIONTED@PORTOMANTIS.AD","DAREM1942@PORTOMANTIS.AD","WASEM1955@PORTOMANTIS.AD","WHOSEED@PORTOMANTIS.AD","JOHNSITICHE@PORTOMANTIS.AD","CRIESUCK41@PORTOMANTIS.AD","THAPPROTER@PORTOMANTIS.AD","DEABINDER@PORTOMANTIS.AD","MILTAILOST@PORTOMANTIS.AD","CASSUAIRTALL@PORTOMANTIS.AD","RATION@PORTOMANTIS.AD","TUNCLAND@PORTOMANTIS.AD","HICHERCY@PORTOMANTIS.AD","RATQUENTLY@PORTOMANTIS.AD","ARESS1935@PORTOMANTIS.AD","PEOPONE@PORTOMANTIS.AD","BUSEENTS@PORTOMANTIS.AD","OURIGHTER@PORTOMANTIS.AD","ANCEN1990@PORTOMANTIS.AD","VIVIDEM@PORTOMANTIS.AD","WHISEED1956@PORTOMANTIS.AD","YOUREAVE@PORTOMANTIS.AD","HICKIS@PORTOMANTIS.AD","WEVE1943@PORTOMANTIS.AD","THALONEVEY1959@PORTOMANTIS.AD","AGUIED@PORTOMANTIS.AD","HAID1947@PORTOMANTIS.AD","SUICANNOUT@PORTOMANTIS.AD","HISTEN50@PORTOMANTIS.AD","THEYN1974@PORTOMANTIS.AD","WILEGIRE@PORTOMANTIS.AD","PUBJESSITY@PORTOMANTIS.AD","ANCRALOWS@PORTOMANTIS.AD","MORNE1974@PORTOMANTIS.AD","FISITTESTS@PORTOMANTIS.AD","FROVERCE@PORTOMANTIS.AD","FINIED@PORTOMANTIS.AD","THERITH@PORTOMANTIS.AD","TIMSEAT@PORTOMANTIS.AD","KNOPOR@PORTOMANTIS.AD","RATHE1946@PORTOMANTIS.AD","DIVICHIMAHME@PORTOMANTIS.AD","EVESSUREARY@PORTOMANTIS.AD","STALITHE75@PORTOMANTIS.AD","BRION1960@PORTOMANTIS.AD","PRIF1992@PORTOMANTIS.AD","LOTERMITY@PORTOMANTIS.AD","SHISTUR@PORTOMANTIS.AD","HATHINGTHE93@PORTOMANTIS.AD","SEQUITH@PORTOMANTIS.AD","PURNEGY@PORTOMANTIS.AD","RONCE1962@PORTOMANTIS.AD","BIRIDWINCEE@PORTOMANTIS.AD","VARMETHE1975@PORTOMANTIS.AD","WHOORED@PORTOMANTIS.AD","WOUL1984@PORTOMANTIS.AD","NOTH1961@PORTOMANTIS.AD","JOUGHTY1971@PORTOMANTIS.AD","YOUBLE@PORTOMANTIS.AD","LUNARNED@PORTOMANTIS.AD","ANSTE1945@PORTOMANTIS.AD","FEAVAINNINCE@PORTOMANTIS.AD","MENDAND@PORTOMANTIS.AD","MACY1974@PORTOMANTIS.AD","NOWELY@PORTOMANTIS.AD","GARINK@PORTOMANTIS.AD","YESSEED56@PORTOMANTIS.AD","FOURPECE@PORTOMANTIS.AD","WASTA1963@PORTOMANTIS.AD","WIDEFIREARM@PORTOMANTIS.AD","FOREARRY@PORTOMANTIS.AD","GESS1969@PORTOMANTIS.AD","HAVERESTE@PORTOMANTIS.AD","BILTED@PORTOMANTIS.AD","PRECTEPHE1938@PORTOMANTIS.AD","DOLVENG@PORTOMANTIS.AD","HISEADMOSE@PORTOMANTIS.AD","FAWKWAS@PORTOMANTIS.AD","SATHE1972@PORTOMANTIS.AD","SISTALLY@PORTOMANTIS.AD","SUREFUS94@PORTOMANTIS.AD","SUDED1975@PORTOMANTIS.AD","THAVENG@PORTOMANTIS.AD","LOPER1951@PORTOMANTIS.AD","FECOUSELS@PORTOMANTIS.AD","YEATIONAT@PORTOMANTIS.AD","WHANTERRENE@PORTOMANTIS.AD","COMPAY@PORTOMANTIS.AD","EXPEOPPICEL@PORTOMANTIS.AD","MOBLECLAT@PORTOMANTIS.AD","NIONG1942@PORTOMANTIS.AD","BADVARLD@PORTOMANTIS.AD","THERN1962@PORTOMANTIS.AD","WHIA1939@PORTOMANTIS.AD","BRESS1969@PORTOMANTIS.AD","YOUNCH@PORTOMANTIS.AD","WHEROULATIS@PORTOMANTIS.AD","EXPEAT@PORTOMANTIS.AD","FOUTED@PORTOMANTIS.AD","OFAS1995@PORTOMANTIS.AD","RICTING47@PORTOMANTIS.AD","THERVEY@PORTOMANTIS.AD","EVERLD@PORTOMANTIS.AD","YETHE1955@PORTOMANTIS.AD","ALUGH1990@PORTOMANTIS.AD","STES1944@PORTOMANTIS.AD","THOURED64@PORTOMANTIS.AD","ANDSOR@PORTOMANTIS.AD","OBLIE1993@PORTOMANTIS.AD","PLATUDD95@PORTOMANTIS.AD","POKENDERYIND@PORTOMANTIS.AD","ENCELY1985@PORTOMANTIS.AD","WOMPEAT@PORTOMANTIS.AD","SHOLL1976@PORTOMANTIS.AD","SHIM1964@PORTOMANTIS.AD","HOUTHER@PORTOMANTIS.AD","BETUTERIEN73@PORTOMANTIS.AD","MUCT1983@PORTOMANTIS.AD","ONER1958@PORTOMANTIS.AD","HERFULITY@PORTOMANTIS.AD","TOPAS1952@PORTOMANTIS.AD","RONG1997@PORTOMANTIS.AD","ALESSEE@PORTOMANTIS.AD","ARDED1941@PORTOMANTIS.AD","DIEDICH@PORTOMANTIS.AD","BEIRDS59@PORTOMANTIS.AD","HOWL1943@PORTOMANTIS.AD","THERSELD@PORTOMANTIS.AD","AFEASSELT@PORTOMANTIS.AD","DESSAIMIS@PORTOMANTIS.AD","WOON1992@PORTOMANTIS.AD","MUSTIONOWN@PORTOMANTIS.AD","VIZE1939@PORTOMANTIS.AD","PENVER62@PORTOMANTIS.AD","BOYACEING@PORTOMANTIS.AD","PAPID1944@PORTOMANTIS.AD","POSEEUT94@PORTOMANTIS.AD","ADVID1982@PORTOMANTIS.AD","SOMFOREATTY@PORTOMANTIS.AD","BATIONE@PORTOMANTIS.AD","SUFFES@PORTOMANTIS.AD","WASUITORE@PORTOMANTIS.AD","SHEYESSEET@PORTOMANTIS.AD","ETWITHE1963@PORTOMANTIS.AD","SICTICIVED@PORTOMANTIS.AD","SPIP1981@PORTOMANTIS.AD","WOREAD@PORTOMANTIS.AD","AFROURNER@PORTOMANTIS.AD","WAISENLY63@PORTOMANTIS.AD","SUSER1998@PORTOMANTIS.AD","THADDENS@PORTOMANTIS.AD","NOSSOREND@PORTOMANTIS.AD","DEPUT1958@PORTOMANTIS.AD","HADIS1971@PORTOMANTIS.AD","COUGHTS@PORTOMANTIS.AD","FORIANST@PORTOMANTIS.AD","DAUSTRALLY@PORTOMANTIS.AD","CIER1978@PORTOMANTIS.AD","HANDIFER@PORTOMANTIS.AD","JIMERY1969@PORTOMANTIS.AD","THENELTAND@PORTOMANTIS.AD","PROW1951@PORTOMANTIS.AD","GOORRITHLE1943@PORTOMANTIS.AD","WOMAKED@PORTOMANTIS.AD","ROMMAREARED@PORTOMANTIS.AD","MONSTUR@PORTOMANTIS.AD","WHOSTRAVION@PORTOMANTIS.AD","SORM1959@PORTOMANTIS.AD","TALSOFURN@PORTOMANTIS.AD","STONSULD@PORTOMANTIS.AD","EFIRABOYS@PORTOMANTIS.AD","THICENTS@PORTOMANTIS.AD","HILEACE@PORTOMANTIS.AD","WENS1953@PORTOMANTIS.AD","HOUGHATE1995@PORTOMANTIS.AD","BABSIZARLY@PORTOMANTIS.AD","ANDEIGHT@PORTOMANTIS.AD","OFFS1948@PORTOMANTIS.AD","FURIALL1979@PORTOMANTIS.AD","TAPEON@PORTOMANTIS.AD","ROMBLE@PORTOMANTIS.AD","WEEPAME@PORTOMANTIS.AD","ALTHE1954@PORTOMANTIS.AD","WOMINER48@PORTOMANTIS.AD","EXCUMSE@PORTOMANTIS.AD","REFORS@PORTOMANTIS.AD","FORGOIN@PORTOMANTIS.AD","GUILL1991@PORTOMANTIS.AD","GROFFIRL@PORTOMANTIS.AD","SMAND1978@PORTOMANTIS.AD","THENERY@PORTOMANTIS.AD","ANTURT1965@PORTOMANTIS.AD","DECLACT@PORTOMANTIS.AD","GRESPEAR@PORTOMANTIS.AD","ALCON1950@PORTOMANTIS.AD"],"Links":null,"Aces":null},{"Properties":{"name":"USUARIOS@PORTOMANTIS.AD","highvalue":false,"domain":"PORTOMANTIS.AD","blocksinheritance":false,"description":null},"Guid":"CF66244C-E5FB-444E-A95E-5FE58CB5C622","ChildOus":[],"Computers":[],"Users":["THADIS@PORTOMANTIS.AD","TURCE1947@PORTOMANTIS.AD","EDEREETS@PORTOMANTIS.AD","GIREAL@PORTOMANTIS.AD","WITING@PORTOMANTIS.AD","WHOSSE@PORTOMANTIS.AD","HINER1979@PORTOMANTIS.AD","CITH1970@PORTOMANTIS.AD","PASHERY@PORTOMANTIS.AD","PULTAND@PORTOMANTIS.AD","FISTIC@PORTOMANTIS.AD","FORKITH1974@PORTOMANTIS.AD","THEMERIKE@PORTOMANTIS.AD","CRECOMIGHT@PORTOMANTIS.AD","PIND1995@PORTOMANTIS.AD","NELF1940@PORTOMANTIS.AD","POSTROD@PORTOMANTIS.AD","PIEW1939@PORTOMANTIS.AD","FOURE1954@PORTOMANTIS.AD","EATURSESS@PORTOMANTIS.AD","INFOUSLEM@PORTOMANTIS.AD","ONLYINGTHEND@PORTOMANTIS.AD","DIGUEST@PORTOMANTIS.AD","WOUSUBLAT@PORTOMANTIS.AD","CLENING@PORTOMANTIS.AD","HILK1949@PORTOMANTIS.AD","KNOTHIS@PORTOMANTIS.AD","FAROPPICH@PORTOMANTIS.AD","SILLUX@PORTOMANTIS.AD","COULTE@PORTOMANTIS.AD","HEREINITOOR47@PORTOMANTIS.AD","REATELE@PORTOMANTIS.AD","GESSARCIDIGH@PORTOMANTIS.AD","THENALL@PORTOMANTIS.AD","ANDARS@PORTOMANTIS.AD","KNEDLY@PORTOMANTIS.AD","WERVING@PORTOMANTIS.AD","BEFULL@PORTOMANTIS.AD","JOHN.SNOW@PORTOMANTIS.AD","ANDELL@PORTOMANTIS.AD","SULDEAKED36@PORTOMANTIS.AD","EVELVE@PORTOMANTIS.AD","HISPOSSIOND75@PORTOMANTIS.AD","LOFFIRY@PORTOMANTIS.AD","SYRUMENT89@PORTOMANTIS.AD","ALWOUGAUSN1950@PORTOMANTIS.AD","CLAVORY@PORTOMANTIS.AD","AMEAT1969@PORTOMANTIS.AD","PARIENVE1932@PORTOMANTIS.AD","HEALLY@PORTOMANTIS.AD","AMYCH1939@PORTOMANTIS.AD","FORTAT1962@PORTOMANTIS.AD","PLINGLORS@PORTOMANTIS.AD","THEREM@PORTOMANTIS.AD","COMENTSE@PORTOMANTIS.AD","EASSIVE@PORTOMANTIS.AD","WOLUT1989@PORTOMANTIS.AD","FAMING@PORTOMANTIS.AD","VIRSTAL@PORTOMANTIS.AD"],"Links":null,"Aces":null}],"meta":{"count":13,"type":"ous"}}