﻿{"gpos":[{"Properties":{"highvalue":false,"domain":"PORTOMANTIS.AD","description":null,"gpcpath":"\\\\portomantis.ad\\sysvol\\portomantis.ad\\Policies\\{6AC1786C-016F-11D2-945F-00C04fB984F9}"},"Name":"DEFAULT DOMAIN CONTROLLERS POLICY@PORTOMANTIS.AD","Guid":"6AC1786C-016F-11D2-945F-00C04fB984F9","Aces":[{"PrincipalName":"DOMAIN ADMINS@PORTOMANTIS.AD","PrincipalType":"group","RightName":"Owner","AceType":""},{"PrincipalName":"DOMAIN ADMINS@PORTOMANTIS.AD","PrincipalType":"group","RightName":"WriteDacl","AceType":""},{"PrincipalName":"DOMAIN ADMINS@PORTOMANTIS.AD","PrincipalType":"group","RightName":"WriteOwner","AceType":""},{"PrincipalName":"ENTERPRISE ADMINS@PORTOMANTIS.AD","PrincipalType":"group","RightName":"WriteDacl","AceType":""},{"PrincipalName":"ENTERPRISE ADMINS@PORTOMANTIS.AD","PrincipalType":"group","RightName":"WriteOwner","AceType":""}]},{"Properties":{"highvalue":false,"domain":"PORTOMANTIS.AD","description":null,"gpcpath":"\\\\portomantis.ad\\SysVol\\portomantis.ad\\Policies\\{3943174B-F31F-4B55-8287-A4393E7A462C}"},"Name":"RDP ACCESS@PORTOMANTIS.AD","Guid":"3943174B-F31F-4B55-8287-A4393E7A462C","Aces":[{"PrincipalName":"DOMAIN ADMINS@PORTOMANTIS.AD","PrincipalType":"group","RightName":"Owner","AceType":""},{"PrincipalName":"DOMAIN ADMINS@PORTOMANTIS.AD","PrincipalType":"group","RightName":"WriteDacl","AceType":""},{"PrincipalName":"DOMAIN ADMINS@PORTOMANTIS.AD","PrincipalType":"group","RightName":"WriteOwner","AceType":""},{"PrincipalName":"ENTERPRISE ADMINS@PORTOMANTIS.AD","PrincipalType":"group","RightName":"WriteDacl","AceType":""},{"PrincipalName":"ENTERPRISE ADMINS@PORTOMANTIS.AD","PrincipalType":"group","RightName":"WriteOwner","AceType":""}]},{"Properties":{"highvalue":false,"domain":"PORTOMANTIS.AD","description":null,"gpcpath":"\\\\portomantis.ad\\sysvol\\portomantis.ad\\Policies\\{31B2F340-016D-11D2-945F-00C04FB984F9}"},"Name":"DEFAULT DOMAIN POLICY@PORTOMANTIS.AD","Guid":"31B2F340-016D-11D2-945F-00C04FB984F9","Aces":[{"PrincipalName":"DOMAIN ADMINS@PORTOMANTIS.AD","PrincipalType":"group","RightName":"Owner","AceType":""},{"PrincipalName":"DOMAIN ADMINS@PORTOMANTIS.AD","PrincipalType":"group","RightName":"WriteDacl","AceType":""},{"PrincipalName":"DOMAIN ADMINS@PORTOMANTIS.AD","PrincipalType":"group","RightName":"WriteOwner","AceType":""},{"PrincipalName":"ENTERPRISE ADMINS@PORTOMANTIS.AD","PrincipalType":"group","RightName":"WriteDacl","AceType":""},{"PrincipalName":"ENTERPRISE ADMINS@PORTOMANTIS.AD","PrincipalType":"group","RightName":"WriteOwner","AceType":""}]}],"meta":{"count":3,"type":"gpos"}}