﻿{"domains":[{"Properties":{"objectsid":"S-1-5-21-4026555465-2365286583-2515295987","highvalue":true,"domain":"PORTOMANTIS.AD","description":null,"functionallevel":"2012"},"Name":"PORTOMANTIS.AD","Links":[{"IsEnforced":false,"Name":"DEFAULT DOMAIN POLICY@PORTOMANTIS.AD"}],"Trusts":[],"Aces":[{"PrincipalName":"ADMINISTRATORS@PORTOMANTIS.AD","PrincipalType":"group","RightName":"Owner","AceType":""},{"PrincipalName":"ADMINISTRATORS@PORTOMANTIS.AD","PrincipalType":"group","RightName":"WriteDacl","AceType":""},{"PrincipalName":"ADMINISTRATORS@PORTOMANTIS.AD","PrincipalType":"group","RightName":"WriteOwner","AceType":""},{"PrincipalName":"ADMINISTRATORS@PORTOMANTIS.AD","PrincipalType":"group","RightName":"ExtendedRight","AceType":"All"},{"PrincipalName":"DOMAIN ADMINS@PORTOMANTIS.AD","PrincipalType":"group","RightName":"WriteDacl","AceType":""},{"PrincipalName":"DOMAIN ADMINS@PORTOMANTIS.AD","PrincipalType":"group","RightName":"WriteOwner","AceType":""},{"PrincipalName":"DOMAIN ADMINS@PORTOMANTIS.AD","PrincipalType":"group","RightName":"ExtendedRight","AceType":"All"},{"PrincipalName":"ENTERPRISE ADMINS@PORTOMANTIS.AD","PrincipalType":"group","RightName":"GenericAll","AceType":""},{"PrincipalName":"ENTERPRISE DOMAIN CONTROLLERS@PORTOMANTIS.AD","PrincipalType":"group","RightName":"ExtendedRight","AceType":"GetChanges"},{"PrincipalName":"ADMINISTRATORS@PORTOMANTIS.AD","PrincipalType":"group","RightName":"ExtendedRight","AceType":"GetChangesAll"},{"PrincipalName":"ADMINISTRATORS@PORTOMANTIS.AD","PrincipalType":"group","RightName":"ExtendedRight","AceType":"GetChanges"},{"PrincipalName":"ENTERPRISE READ-ONLY DOMAIN CONTROLLERS@PORTOMANTIS.AD","PrincipalType":"group","RightName":"ExtendedRight","AceType":"GetChanges"},{"PrincipalName":"DOMAIN CONTROLLERS@PORTOMANTIS.AD","PrincipalType":"group","RightName":"ExtendedRight","AceType":"GetChangesAll"},{"PrincipalName":"PIN8@PORTOMANTIS.AD","PrincipalType":"user","RightName":"ExtendedRight","AceType":"GetChanges"},{"PrincipalName":"PIN8@PORTOMANTIS.AD","PrincipalType":"user","RightName":"ExtendedRight","AceType":"GetChangesAll"}],"ChildOus":["8C53B0D4-9344-41AF-B26A-9116B4B8BCD7","82371BE9-3D45-4BFE-96BE-DECABED4342B"],"Computers":["LAB-DSK104.PORTOMANTIS.AD","LAB-DSK75.PORTOMANTIS.AD","LAB-DSK85.PORTOMANTIS.AD","LAB-DSK105.PORTOMANTIS.AD","LAB-DSK76.PORTOMANTIS.AD","LAB-DSK86.PORTOMANTIS.AD","LAB-DSK106.PORTOMANTIS.AD","LAB-DSK77.PORTOMANTIS.AD","LAB-DSK87.PORTOMANTIS.AD","LAB-DSK107.PORTOMANTIS.AD","LAB-DSK78.PORTOMANTIS.AD","LAB-DSK88.PORTOMANTIS.AD","LAB-DSK108.PORTOMANTIS.AD","LAB-DSK79.PORTOMANTIS.AD","LAB-DSK89.PORTOMANTIS.AD","LAB-DSK109.PORTOMANTIS.AD","LAB-DSK710.PORTOMANTIS.AD","LAB-DSK810.PORTOMANTIS.AD","LAB-DSK1010.PORTOMANTIS.AD","LAB-SVR2K81.PORTOMANTIS.AD","LAB-SVR2K121.PORTOMANTIS.AD","LAB-SVR2K161.PORTOMANTIS.AD","LAB-SVR2K191.PORTOMANTIS.AD","LAB-SVR2K82.PORTOMANTIS.AD","LAB-SVR2K122.PORTOMANTIS.AD","LAB-SVR2K162.PORTOMANTIS.AD","LAB-SVR2K192.PORTOMANTIS.AD","LAB-SVR2K83.PORTOMANTIS.AD","LAB-SVR2K123.PORTOMANTIS.AD","LAB-SVR2K163.PORTOMANTIS.AD","LAB-SVR2K193.PORTOMANTIS.AD","LAB-SVR2K84.PORTOMANTIS.AD","LAB-SVR2K124.PORTOMANTIS.AD","LAB-SVR2K164.PORTOMANTIS.AD","LAB-SVR2K194.PORTOMANTIS.AD","LAB-SVR2K85.PORTOMANTIS.AD","LAB-SVR2K125.PORTOMANTIS.AD","LAB-SVR2K165.PORTOMANTIS.AD","LAB-SVR2K195.PORTOMANTIS.AD","WIN2016MEMBER.PORTOMANTIS.AD","WIN2012.PORTOMANTIS.AD","LAB-LAP7-1.PORTOMANTIS.AD","LAB-LAP81.PORTOMANTIS.AD","LAB-LAP10-1.PORTOMANTIS.AD","LAB-LAP7-2.PORTOMANTIS.AD","LAB-LAP82.PORTOMANTIS.AD","LAB-LAP10-2.PORTOMANTIS.AD","LAB-LAP7-3.PORTOMANTIS.AD","LAB-LAP83.PORTOMANTIS.AD","LAB-LAP10-3.PORTOMANTIS.AD","LAB-LAP7-4.PORTOMANTIS.AD","LAB-LAP84.PORTOMANTIS.AD","LAB-LAP10-4.PORTOMANTIS.AD","LAB-LAP7-5.PORTOMANTIS.AD","LAB-LAP85.PORTOMANTIS.AD","LAB-LAP10-5.PORTOMANTIS.AD","LAB-LAP7-6.PORTOMANTIS.AD","LAB-LAP86.PORTOMANTIS.AD","LAB-LAP10-6.PORTOMANTIS.AD","LAB-LAP7-7.PORTOMANTIS.AD","LAB-LAP87.PORTOMANTIS.AD","LAB-LAP10-7.PORTOMANTIS.AD","LAB-LAP7-8.PORTOMANTIS.AD","LAB-LAP88.PORTOMANTIS.AD","LAB-LAP10-8.PORTOMANTIS.AD","WIN2008.PORTOMANTIS.AD","LAB-LAP7-9.PORTOMANTIS.AD","LAB-LAP89.PORTOMANTIS.AD","LAB-LAP10-9.PORTOMANTIS.AD","LAB-LAP7-10.PORTOMANTIS.AD","LAB-LAP810.PORTOMANTIS.AD","LAB-LAP10-10.PORTOMANTIS.AD","LAB-DSK71.PORTOMANTIS.AD","LAB-DSK81.PORTOMANTIS.AD","LAB-DSK101.PORTOMANTIS.AD","LAB-DSK72.PORTOMANTIS.AD","LAB-DSK82.PORTOMANTIS.AD","LAB-DSK102.PORTOMANTIS.AD","LAB-DSK73.PORTOMANTIS.AD","LAB-DSK83.PORTOMANTIS.AD","LAB-DSK103.PORTOMANTIS.AD","LAB-DSK74.PORTOMANTIS.AD","LAB-DSK84.PORTOMANTIS.AD"],"Users":["ITADMIN@PORTOMANTIS.AD","SRVMONITOR@PORTOMANTIS.AD","PRUEBA@PORTOMANTIS.AD","PIN9@PORTOMANTIS.AD","USER1@PORTOMANTIS.AD","ADMINISTRATOR@PORTOMANTIS.AD","GUEST@PORTOMANTIS.AD","DEFAULTACCOUNT@PORTOMANTIS.AD","KRBTGT@PORTOMANTIS.AD"]}],"meta":{"count":1,"type":"domains"}}