﻿{"sessions":[{"UserName":"ITADMIN@PORTOMANTIS.AD","ComputerName":"WIN2012.PORTOMANTIS.AD","Weight":2},{"UserName":"USER1@PORTOMANTIS.AD","ComputerName":"STUDENT100.PORTOMANTIS.AD","Weight":2},{"UserName":"SRVMONITOR@PORTOMANTIS.AD","ComputerName":"WIN2008.PORTOMANTIS.AD","Weight":2},{"UserName":"USER1@PORTOMANTIS.AD","ComputerName":"STUDENT100.PORTOMANTIS.AD","Weight":2},{"UserName":"USER1@PORTOMANTIS.AD","ComputerName":"STUDENT100.PORTOMANTIS.AD","Weight":2},{"UserName":"USER1@PORTOMANTIS.AD","ComputerName":"STUDENT100.PORTOMANTIS.AD","Weight":2},{"UserName":"USER1@PORTOMANTIS.AD","ComputerName":"STUDENT100.PORTOMANTIS.AD","Weight":2}],"meta":{"count":7,"type":"sessions"}}